BEGIN;

INSERT INTO users (id, login_id, name, email, password_hash, role, status, created_at, updated_at)
VALUES
  ('00000000-0000-0000-0001-000000000001', 'admin', '관리자', 'admin@sejong.test', '$2b$10$PvYtH4GT2rE7hACdSG1oJufdaX5uWtjn.S/a52pPKorDnTnt9BQMm', 'admin', 'active', '2026-01-01T00:00:00Z', '2026-06-01T00:00:00Z'),
  ('00000000-0000-0000-0001-000000000002', 'teacher1', '한수진', 'sujin.han@sejong.test', '$2b$10$rFM.igvRzeAHTdyQVlDRAO7rP0GZcaMMXRVRE9xZ1GmBiqfxuytxq', 'teacher', 'active', '2026-01-05T00:00:00Z', '2026-06-01T00:00:00Z'),
  ('00000000-0000-0000-0001-000000000003', 'teacher2', '이도윤', 'doyoon.lee@sejong.test', '$2b$10$rFM.igvRzeAHTdyQVlDRAO7rP0GZcaMMXRVRE9xZ1GmBiqfxuytxq', 'teacher', 'active', '2026-01-05T00:10:00Z', '2026-06-01T00:00:00Z'),
  ('00000000-0000-0000-0001-000000000101', 'student1', '김민지', 'minji.kim@student.test', '$2b$10$fNgZPAq9wZvw5OH.mjWfcOJVSyK75gB5EWrlkKIQsXW3hKngtwn7W', 'student', 'active', '2026-03-02T01:00:00Z', '2026-06-15T02:00:00Z'),
  ('00000000-0000-0000-0001-000000000102', 'student2', '박서연', 'seoyeon.park@student.test', '$2b$10$fNgZPAq9wZvw5OH.mjWfcOJVSyK75gB5EWrlkKIQsXW3hKngtwn7W', 'student', 'active', '2026-03-02T01:10:00Z', '2026-06-16T00:20:00Z'),
  ('00000000-0000-0000-0001-000000000103', 'student3', '오지훈', 'jihoon.oh@student.test', '$2b$10$fNgZPAq9wZvw5OH.mjWfcOJVSyK75gB5EWrlkKIQsXW3hKngtwn7W', 'student', 'active', '2026-03-02T01:20:00Z', '2026-06-17T23:44:00Z'),
  ('00000000-0000-0000-0001-000000000104', 'student4', '최유진', 'yujin.choi@student.test', '$2b$10$fNgZPAq9wZvw5OH.mjWfcOJVSyK75gB5EWrlkKIQsXW3hKngtwn7W', 'student', 'active', '2026-05-20T04:00:00Z', '2026-06-16T11:21:00Z'),
  ('00000000-0000-0000-0001-000000000105', 'student5', '정다은', 'daeun.jung@student.test', '$2b$10$fNgZPAq9wZvw5OH.mjWfcOJVSyK75gB5EWrlkKIQsXW3hKngtwn7W', 'student', 'active', '2026-05-20T04:10:00Z', '2026-06-18T02:40:00Z'),
  ('00000000-0000-0000-0001-000000000106', 'student6', '문태영', 'taeyoung.moon@student.test', '$2b$10$fNgZPAq9wZvw5OH.mjWfcOJVSyK75gB5EWrlkKIQsXW3hKngtwn7W', 'student', 'inactive', '2026-05-20T04:20:00Z', '2026-05-20T04:20:00Z'),
  ('00000000-0000-0000-0001-000000000107', 'student7', '한지우', 'jiwoo.han@student.test', '$2b$10$fNgZPAq9wZvw5OH.mjWfcOJVSyK75gB5EWrlkKIQsXW3hKngtwn7W', 'student', 'active', '2025-09-01T00:00:00Z', '2026-02-27T09:00:00Z'),
  ('00000000-0000-0000-0001-000000000108', 'student8', '송예린', 'yerin.song@student.test', '$2b$10$fNgZPAq9wZvw5OH.mjWfcOJVSyK75gB5EWrlkKIQsXW3hKngtwn7W', 'student', 'active', '2025-09-01T00:10:00Z', '2026-02-27T09:10:00Z')
ON CONFLICT (id) DO NOTHING;

INSERT INTO security_questions (id, user_id, purpose, question, answer_hash, is_active, created_at, updated_at)
VALUES
  ('00000000-0000-0000-000c-000000000001', '00000000-0000-0000-0001-000000000001', 'find-id', '학원 이름은 무엇인가요?', '$seed$세종간호학원', TRUE, '2026-01-01T00:00:00Z', '2026-01-01T00:00:00Z'),
  ('00000000-0000-0000-000c-000000000002', '00000000-0000-0000-0001-000000000001', 'reset-password', '학원 이름은 무엇인가요?', '$seed$세종간호학원', TRUE, '2026-01-01T00:00:00Z', '2026-01-01T00:00:00Z')
ON CONFLICT (id) DO NOTHING;

INSERT INTO teachers (id, user_id, phone, department, created_at, updated_at)
VALUES
  ('00000000-0000-0000-0002-000000000001', '00000000-0000-0000-0001-000000000002', '010-2000-0001', '기본간호학', '2026-01-05T00:00:00Z', '2026-06-01T00:00:00Z'),
  ('00000000-0000-0000-0002-000000000002', '00000000-0000-0000-0001-000000000003', '010-2000-0002', '성인간호학', '2026-01-05T00:10:00Z', '2026-06-01T00:00:00Z')
ON CONFLICT (id) DO NOTHING;

INSERT INTO cohorts (id, name, code, description, starts_on, ends_on, is_active, status, created_at, updated_at)
VALUES
  ('00000000-0000-0000-0003-000000000001', '2026년 1기', '2026-01', '평일 오전 국가고시 대비반', '2026-03-02', '2026-08-28', TRUE, 'active', '2026-02-10T00:00:00Z', '2026-06-10T00:30:00Z'),
  ('00000000-0000-0000-0003-000000000002', '2026년 2기', '2026-02', '평일 저녁 직장인반', '2026-09-01', '2027-02-26', TRUE, 'planned', '2026-05-20T00:00:00Z', '2026-06-12T01:10:00Z'),
  ('00000000-0000-0000-0003-000000000003', '2025년 4기', '2025-04', '수료 기수', '2025-09-01', '2026-02-27', FALSE, 'completed', '2025-08-10T00:00:00Z', '2026-03-02T00:00:00Z')
ON CONFLICT (id) DO NOTHING;

INSERT INTO students (id, user_id, cohort_id, phone, birth_date, student_no, status, enrolled_on, completed_on, memo, created_at, updated_at)
VALUES
  ('00000000-0000-0000-0004-000000000001', '00000000-0000-0000-0001-000000000101', '00000000-0000-0000-0003-000000000001', '010-1000-0001', '1998-04-12', 'S-2026-001', 'active', '2026-03-02', NULL, '오전반 출석 우수', '2026-03-02T01:00:00Z', '2026-06-15T02:00:00Z'),
  ('00000000-0000-0000-0004-000000000002', '00000000-0000-0000-0001-000000000102', '00000000-0000-0000-0003-000000000001', '010-1000-0002', '1997-11-03', 'S-2026-002', 'active', '2026-03-02', NULL, NULL, '2026-03-02T01:10:00Z', '2026-06-16T00:20:00Z'),
  ('00000000-0000-0000-0004-000000000003', '00000000-0000-0000-0001-000000000103', '00000000-0000-0000-0003-000000000001', '010-1000-0003', '1996-07-22', 'S-2026-003', 'active', '2026-03-02', NULL, NULL, '2026-03-02T01:20:00Z', '2026-06-17T23:44:00Z'),
  ('00000000-0000-0000-0004-000000000004', '00000000-0000-0000-0001-000000000104', '00000000-0000-0000-0003-000000000002', '010-1000-0004', '1995-02-18', 'S-2026-101', 'active', '2026-09-01', NULL, NULL, '2026-05-20T04:00:00Z', '2026-06-16T11:21:00Z'),
  ('00000000-0000-0000-0004-000000000005', '00000000-0000-0000-0001-000000000105', '00000000-0000-0000-0003-000000000002', '010-1000-0005', '1999-09-09', 'S-2026-102', 'active', '2026-09-01', NULL, NULL, '2026-05-20T04:10:00Z', '2026-06-18T02:40:00Z'),
  ('00000000-0000-0000-0004-000000000006', '00000000-0000-0000-0001-000000000106', '00000000-0000-0000-0003-000000000002', '010-1000-0006', '1994-12-30', 'S-2026-103', 'inactive', '2026-09-01', NULL, '등록 후 휴면 상태', '2026-05-20T04:20:00Z', '2026-05-20T04:20:00Z'),
  ('00000000-0000-0000-0004-000000000007', '00000000-0000-0000-0001-000000000107', '00000000-0000-0000-0003-000000000003', '010-1000-0007', '1993-05-01', 'S-2025-401', 'graduated', '2025-09-01', '2026-02-27', NULL, '2025-09-01T00:00:00Z', '2026-02-27T09:00:00Z'),
  ('00000000-0000-0000-0004-000000000008', '00000000-0000-0000-0001-000000000108', '00000000-0000-0000-0003-000000000003', '010-1000-0008', '1998-08-15', 'S-2025-402', 'graduated', '2025-09-01', '2026-02-27', NULL, '2025-09-01T00:10:00Z', '2026-02-27T09:10:00Z')
ON CONFLICT (id) DO NOTHING;

INSERT INTO questions (id, created_by, subject, category, difficulty, type, content, correct_answer_index, explanation, status, created_at, updated_at)
VALUES
  ('00000000-0000-0000-0005-000000000001', '00000000-0000-0000-0001-000000000002', '기본간호학', '활력징후', 'easy', 'multiple_choice', '다음 중 활력징후에 해당하는 것은?', 0, '혈압은 체온, 맥박, 호흡과 함께 주요 활력징후에 포함된다.', 'draft', '2026-05-30T00:00:00Z', '2026-05-30T00:00:00Z'),
  ('00000000-0000-0000-0005-000000000002', '00000000-0000-0000-0001-000000000002', '기본간호학', '활력징후', 'easy', 'multiple_choice', '성인 정상 체온 범위로 가장 적절한 것은?', 1, '성인 정상 체온은 일반적으로 36.1~37.2도 범위로 본다.', 'archived', '2026-05-30T00:10:00Z', '2026-05-30T00:10:00Z'),
  ('00000000-0000-0000-0005-000000000003', '00000000-0000-0000-0001-000000000002', '감염관리', '무균술', 'medium', 'multiple_choice', '무균술 적용이 필요한 상황으로 가장 적절한 것은?', 1, '멸균 드레싱 교환은 감염 예방을 위해 무균술이 필요하다.', 'published', '2026-05-31T01:00:00Z', '2026-05-31T01:00:00Z'),
  ('00000000-0000-0000-0005-000000000004', '00000000-0000-0000-0001-000000000002', '기본간호학', '안전간호', 'medium', 'multiple_choice', '낙상 예방 간호로 적절하지 않은 것은?', 2, '바닥 물기는 낙상 위험을 높이므로 즉시 제거해야 한다.', 'published', '2026-05-31T01:20:00Z', '2026-05-31T01:20:00Z'),
  ('00000000-0000-0000-0005-000000000005', '00000000-0000-0000-0001-000000000002', '감염관리', '손위생', 'easy', 'multiple_choice', '손 위생이 가장 필요한 시점은?', 0, '환자 접촉 전후, 청결/무균 처치 전 등 손 위생이 필요하다.', 'published', '2026-06-01T00:00:00Z', '2026-06-01T00:00:00Z'),
  ('00000000-0000-0000-0005-000000000006', '00000000-0000-0000-0001-000000000002', '기본간호술기', '투약', 'medium', 'multiple_choice', '피하주사 부위로 적절한 곳은?', 1, '복부는 피하조직이 충분하여 피하주사 부위로 자주 사용된다.', 'published', '2026-06-01T01:00:00Z', '2026-06-01T01:00:00Z'),
  ('00000000-0000-0000-0005-000000000007', '00000000-0000-0000-0001-000000000003', '감염관리', '보호구', 'hard', 'multiple_choice', '격리 병실 출입 시 보호구 착용 순서로 가장 적절한 것은?', 1, '일반적으로 가운, 마스크, 고글, 장갑 순서로 착용한다.', 'published', '2026-06-02T00:00:00Z', '2026-06-02T00:00:00Z'),
  ('00000000-0000-0000-0005-000000000008', '00000000-0000-0000-0001-000000000003', '성인간호', '산소요법', 'medium', 'multiple_choice', '산소요법 중 화재 예방을 위한 설명으로 옳은 것은?', 2, '산소는 연소를 돕기 때문에 화기 접근을 금지해야 한다.', 'published', '2026-06-02T01:00:00Z', '2026-06-02T01:00:00Z'),
  ('00000000-0000-0000-0005-000000000009', '00000000-0000-0000-0001-000000000003', '기본간호학', '욕창', 'hard', 'multiple_choice', '욕창 예방 간호로 가장 적절한 것은?', 2, '피부 상태 관찰과 주기적인 체위 변경이 중요하다.', 'published', '2026-06-03T00:00:00Z', '2026-06-03T00:00:00Z'),
  ('00000000-0000-0000-0005-000000000010', '00000000-0000-0000-0001-000000000003', '기본간호술기', '투약', 'easy', 'multiple_choice', '투약의 5 rights에 포함되지 않는 것은?', 2, '투약의 5 rights에는 대상자, 약물, 용량, 시간, 경로가 포함된다.', 'published', '2026-06-03T01:00:00Z', '2026-06-03T01:00:00Z'),
  ('00000000-0000-0000-0005-000000000011', '00000000-0000-0000-0001-000000000002', '아동간호', '발열간호', 'medium', 'multiple_choice', '아동 발열 간호 중 우선적으로 확인할 것은?', 0, '발열 아동은 체온과 전반적인 활력징후 확인이 우선이다.', 'published', '2026-06-04T00:00:00Z', '2026-06-04T00:00:00Z'),
  ('00000000-0000-0000-0005-000000000012', '00000000-0000-0000-0001-000000000003', '모성간호', '산욕기', 'medium', 'multiple_choice', '산욕기 산모의 자궁저부 사정 시 확인할 내용은?', 0, '산욕기에는 자궁저부 위치, 단단함, 오로 상태 등을 확인한다.', 'published', '2026-06-04T01:00:00Z', '2026-06-04T01:00:00Z')
ON CONFLICT (id) DO NOTHING;

INSERT INTO question_choices (id, question_id, choice_order, text, created_at, updated_at)
VALUES
  ('00000000-0000-0000-0006-000000000101', '00000000-0000-0000-0005-000000000001', 0, '혈압', '2026-05-30T00:00:00Z', '2026-05-30T00:00:00Z'),
  ('00000000-0000-0000-0006-000000000102', '00000000-0000-0000-0005-000000000001', 1, '키', '2026-05-30T00:00:00Z', '2026-05-30T00:00:00Z'),
  ('00000000-0000-0000-0006-000000000103', '00000000-0000-0000-0005-000000000001', 2, '몸무게', '2026-05-30T00:00:00Z', '2026-05-30T00:00:00Z'),
  ('00000000-0000-0000-0006-000000000104', '00000000-0000-0000-0005-000000000001', 3, '시력', '2026-05-30T00:00:00Z', '2026-05-30T00:00:00Z'),
  ('00000000-0000-0000-0006-000000000201', '00000000-0000-0000-0005-000000000002', 0, '34.0~35.0도', '2026-05-30T00:10:00Z', '2026-05-30T00:10:00Z'),
  ('00000000-0000-0000-0006-000000000202', '00000000-0000-0000-0005-000000000002', 1, '36.1~37.2도', '2026-05-30T00:10:00Z', '2026-05-30T00:10:00Z'),
  ('00000000-0000-0000-0006-000000000203', '00000000-0000-0000-0005-000000000002', 2, '38.0~39.0도', '2026-05-30T00:10:00Z', '2026-05-30T00:10:00Z'),
  ('00000000-0000-0000-0006-000000000204', '00000000-0000-0000-0005-000000000002', 3, '40.0도 이상', '2026-05-30T00:10:00Z', '2026-05-30T00:10:00Z'),
  ('00000000-0000-0000-0006-000000000301', '00000000-0000-0000-0005-000000000003', 0, '환자 병실 정리', '2026-05-31T01:00:00Z', '2026-05-31T01:00:00Z'),
  ('00000000-0000-0000-0006-000000000302', '00000000-0000-0000-0005-000000000003', 1, '멸균 드레싱 교환', '2026-05-31T01:00:00Z', '2026-05-31T01:00:00Z'),
  ('00000000-0000-0000-0006-000000000303', '00000000-0000-0000-0005-000000000003', 2, '일반 침상 정리', '2026-05-31T01:00:00Z', '2026-05-31T01:00:00Z'),
  ('00000000-0000-0000-0006-000000000304', '00000000-0000-0000-0005-000000000003', 3, '식사 보조', '2026-05-31T01:00:00Z', '2026-05-31T01:00:00Z'),
  ('00000000-0000-0000-0006-000000000401', '00000000-0000-0000-0005-000000000004', 0, '침상 난간을 올린다', '2026-05-31T01:20:00Z', '2026-05-31T01:20:00Z'),
  ('00000000-0000-0000-0006-000000000402', '00000000-0000-0000-0005-000000000004', 1, '호출벨 위치를 안내한다', '2026-05-31T01:20:00Z', '2026-05-31T01:20:00Z'),
  ('00000000-0000-0000-0006-000000000403', '00000000-0000-0000-0005-000000000004', 2, '바닥 물기를 방치한다', '2026-05-31T01:20:00Z', '2026-05-31T01:20:00Z'),
  ('00000000-0000-0000-0006-000000000404', '00000000-0000-0000-0005-000000000004', 3, '미끄럼 방지 신발을 착용하게 한다', '2026-05-31T01:20:00Z', '2026-05-31T01:20:00Z'),
  ('00000000-0000-0000-0006-000000000501', '00000000-0000-0000-0005-000000000005', 0, '환자 접촉 전', '2026-06-01T00:00:00Z', '2026-06-01T00:00:00Z'),
  ('00000000-0000-0000-0006-000000000502', '00000000-0000-0000-0005-000000000005', 1, '퇴근 후 집에서만', '2026-06-01T00:00:00Z', '2026-06-01T00:00:00Z'),
  ('00000000-0000-0000-0006-000000000503', '00000000-0000-0000-0005-000000000005', 2, '식사 후에만', '2026-06-01T00:00:00Z', '2026-06-01T00:00:00Z'),
  ('00000000-0000-0000-0006-000000000504', '00000000-0000-0000-0005-000000000005', 3, '손이 보이지 않게 오염된 경우만', '2026-06-01T00:00:00Z', '2026-06-01T00:00:00Z'),
  ('00000000-0000-0000-0006-000000000601', '00000000-0000-0000-0005-000000000006', 0, '전완 내측', '2026-06-01T01:00:00Z', '2026-06-01T01:00:00Z'),
  ('00000000-0000-0000-0006-000000000602', '00000000-0000-0000-0005-000000000006', 1, '복부', '2026-06-01T01:00:00Z', '2026-06-01T01:00:00Z'),
  ('00000000-0000-0000-0006-000000000603', '00000000-0000-0000-0005-000000000006', 2, '대퇴 심부 근육', '2026-06-01T01:00:00Z', '2026-06-01T01:00:00Z'),
  ('00000000-0000-0000-0006-000000000604', '00000000-0000-0000-0005-000000000006', 3, '둔부 근육', '2026-06-01T01:00:00Z', '2026-06-01T01:00:00Z'),
  ('00000000-0000-0000-0006-000000000701', '00000000-0000-0000-0005-000000000007', 0, '장갑-마스크-가운-고글', '2026-06-02T00:00:00Z', '2026-06-02T00:00:00Z'),
  ('00000000-0000-0000-0006-000000000702', '00000000-0000-0000-0005-000000000007', 1, '가운-마스크-고글-장갑', '2026-06-02T00:00:00Z', '2026-06-02T00:00:00Z'),
  ('00000000-0000-0000-0006-000000000703', '00000000-0000-0000-0005-000000000007', 2, '고글-장갑-가운-마스크', '2026-06-02T00:00:00Z', '2026-06-02T00:00:00Z'),
  ('00000000-0000-0000-0006-000000000704', '00000000-0000-0000-0005-000000000007', 3, '마스크-장갑-고글-가운', '2026-06-02T00:00:00Z', '2026-06-02T00:00:00Z'),
  ('00000000-0000-0000-0006-000000000801', '00000000-0000-0000-0005-000000000008', 0, '산소 사용 중 흡연을 허용한다', '2026-06-02T01:00:00Z', '2026-06-02T01:00:00Z'),
  ('00000000-0000-0000-0006-000000000802', '00000000-0000-0000-0005-000000000008', 1, '전열기구를 가까이 둔다', '2026-06-02T01:00:00Z', '2026-06-02T01:00:00Z'),
  ('00000000-0000-0000-0006-000000000803', '00000000-0000-0000-0005-000000000008', 2, '화기 접근을 금지한다', '2026-06-02T01:00:00Z', '2026-06-02T01:00:00Z'),
  ('00000000-0000-0000-0006-000000000804', '00000000-0000-0000-0005-000000000008', 3, '오일 제품을 산소 장비에 바른다', '2026-06-02T01:00:00Z', '2026-06-02T01:00:00Z'),
  ('00000000-0000-0000-0006-000000000901', '00000000-0000-0000-0005-000000000009', 0, '같은 자세를 유지한다', '2026-06-03T00:00:00Z', '2026-06-03T00:00:00Z'),
  ('00000000-0000-0000-0006-000000000902', '00000000-0000-0000-0005-000000000009', 1, '젖은 침구를 그대로 둔다', '2026-06-03T00:00:00Z', '2026-06-03T00:00:00Z'),
  ('00000000-0000-0000-0006-000000000903', '00000000-0000-0000-0005-000000000009', 2, '피부 상태를 주기적으로 관찰한다', '2026-06-03T00:00:00Z', '2026-06-03T00:00:00Z'),
  ('00000000-0000-0000-0006-000000000904', '00000000-0000-0000-0005-000000000009', 3, '압박 부위를 마사지한다', '2026-06-03T00:00:00Z', '2026-06-03T00:00:00Z'),
  ('00000000-0000-0000-0006-000000001001', '00000000-0000-0000-0005-000000000010', 0, '정확한 대상자', '2026-06-03T01:00:00Z', '2026-06-03T01:00:00Z'),
  ('00000000-0000-0000-0006-000000001002', '00000000-0000-0000-0005-000000000010', 1, '정확한 약물', '2026-06-03T01:00:00Z', '2026-06-03T01:00:00Z'),
  ('00000000-0000-0000-0006-000000001003', '00000000-0000-0000-0005-000000000010', 2, '정확한 날씨', '2026-06-03T01:00:00Z', '2026-06-03T01:00:00Z'),
  ('00000000-0000-0000-0006-000000001004', '00000000-0000-0000-0005-000000000010', 3, '정확한 용량', '2026-06-03T01:00:00Z', '2026-06-03T01:00:00Z'),
  ('00000000-0000-0000-0006-000000001101', '00000000-0000-0000-0005-000000000011', 0, '최근 체온과 활력징후', '2026-06-04T00:00:00Z', '2026-06-04T00:00:00Z'),
  ('00000000-0000-0000-0006-000000001102', '00000000-0000-0000-0005-000000000011', 1, '보호자 직업', '2026-06-04T00:00:00Z', '2026-06-04T00:00:00Z'),
  ('00000000-0000-0000-0006-000000001103', '00000000-0000-0000-0005-000000000011', 2, '병실의 조명 색', '2026-06-04T00:00:00Z', '2026-06-04T00:00:00Z'),
  ('00000000-0000-0000-0006-000000001104', '00000000-0000-0000-0005-000000000011', 3, '침대 브랜드', '2026-06-04T00:00:00Z', '2026-06-04T00:00:00Z'),
  ('00000000-0000-0000-0006-000000001201', '00000000-0000-0000-0005-000000000012', 0, '자궁저부 위치와 단단함', '2026-06-04T01:00:00Z', '2026-06-04T01:00:00Z'),
  ('00000000-0000-0000-0006-000000001202', '00000000-0000-0000-0005-000000000012', 1, '시력 변화', '2026-06-04T01:00:00Z', '2026-06-04T01:00:00Z'),
  ('00000000-0000-0000-0006-000000001203', '00000000-0000-0000-0005-000000000012', 2, '신발 크기', '2026-06-04T01:00:00Z', '2026-06-04T01:00:00Z'),
  ('00000000-0000-0000-0006-000000001204', '00000000-0000-0000-0005-000000000012', 3, '청력 검사 결과', '2026-06-04T01:00:00Z', '2026-06-04T01:00:00Z')
ON CONFLICT (id) DO NOTHING;

INSERT INTO workbooks (id, created_by, title, description, status, pass_score, estimated_minutes, created_at, updated_at)
VALUES
  ('00000000-0000-0000-0007-000000000001', '00000000-0000-0000-0001-000000000002', '기본간호 1주차 복습 문제집', '활력징후, 안전간호, 감염관리 기초를 점검하는 문제집', 'published', 60, 30, '2026-06-10T00:00:00Z', '2026-06-12T01:00:00Z'),
  ('00000000-0000-0000-0007-000000000002', '00000000-0000-0000-0001-000000000002', '감염관리 핵심 문제집', '무균술, 손 위생, 보호구 착용 순서를 다루는 문제집', 'published', 60, 25, '2026-06-15T00:00:00Z', '2026-06-16T02:00:00Z'),
  ('00000000-0000-0000-0007-000000000003', '00000000-0000-0000-0001-000000000003', '실습 전 핵심 술기 점검', '투약, 산소요법, 욕창 예방을 점검하는 실습 대비 문제집', 'published', 60, 25, '2026-06-17T00:00:00Z', '2026-06-17T03:30:00Z'),
  ('00000000-0000-0000-0007-000000000004', '00000000-0000-0000-0001-000000000003', '2025년 4기 최종 모의고사', '수료 기수 대상 최종 성적 확인용 모의고사', 'archived', 60, 50, '2026-01-15T00:00:00Z', '2026-03-01T00:00:00Z')
ON CONFLICT (id) DO NOTHING;

INSERT INTO workbook_questions (id, workbook_id, question_id, sequence, points, is_required, created_at, updated_at)
VALUES
  ('00000000-0000-0000-0008-000000000001', '00000000-0000-0000-0007-000000000001', '00000000-0000-0000-0005-000000000001', 1, 20, TRUE, '2026-06-10T00:05:00Z', '2026-06-10T00:05:00Z'),
  ('00000000-0000-0000-0008-000000000002', '00000000-0000-0000-0007-000000000001', '00000000-0000-0000-0005-000000000002', 2, 20, TRUE, '2026-06-10T00:05:00Z', '2026-06-10T00:05:00Z'),
  ('00000000-0000-0000-0008-000000000003', '00000000-0000-0000-0007-000000000001', '00000000-0000-0000-0005-000000000003', 3, 20, TRUE, '2026-06-10T00:05:00Z', '2026-06-10T00:05:00Z'),
  ('00000000-0000-0000-0008-000000000004', '00000000-0000-0000-0007-000000000001', '00000000-0000-0000-0005-000000000004', 4, 20, TRUE, '2026-06-10T00:05:00Z', '2026-06-10T00:05:00Z'),
  ('00000000-0000-0000-0008-000000000005', '00000000-0000-0000-0007-000000000001', '00000000-0000-0000-0005-000000000010', 5, 20, TRUE, '2026-06-10T00:05:00Z', '2026-06-10T00:05:00Z'),
  ('00000000-0000-0000-0008-000000000006', '00000000-0000-0000-0007-000000000002', '00000000-0000-0000-0005-000000000003', 1, 25, TRUE, '2026-06-15T00:10:00Z', '2026-06-15T00:10:00Z'),
  ('00000000-0000-0000-0008-000000000007', '00000000-0000-0000-0007-000000000002', '00000000-0000-0000-0005-000000000005', 2, 25, TRUE, '2026-06-15T00:10:00Z', '2026-06-15T00:10:00Z'),
  ('00000000-0000-0000-0008-000000000008', '00000000-0000-0000-0007-000000000002', '00000000-0000-0000-0005-000000000007', 3, 25, TRUE, '2026-06-15T00:10:00Z', '2026-06-15T00:10:00Z'),
  ('00000000-0000-0000-0008-000000000009', '00000000-0000-0000-0007-000000000002', '00000000-0000-0000-0005-000000000008', 4, 25, TRUE, '2026-06-15T00:10:00Z', '2026-06-15T00:10:00Z'),
  ('00000000-0000-0000-0008-000000000010', '00000000-0000-0000-0007-000000000003', '00000000-0000-0000-0005-000000000006', 1, 25, TRUE, '2026-06-17T00:10:00Z', '2026-06-17T00:10:00Z'),
  ('00000000-0000-0000-0008-000000000011', '00000000-0000-0000-0007-000000000003', '00000000-0000-0000-0005-000000000008', 2, 25, TRUE, '2026-06-17T00:10:00Z', '2026-06-17T00:10:00Z'),
  ('00000000-0000-0000-0008-000000000012', '00000000-0000-0000-0007-000000000003', '00000000-0000-0000-0005-000000000009', 3, 25, TRUE, '2026-06-17T00:10:00Z', '2026-06-17T00:10:00Z'),
  ('00000000-0000-0000-0008-000000000013', '00000000-0000-0000-0007-000000000003', '00000000-0000-0000-0005-000000000010', 4, 25, TRUE, '2026-06-17T00:10:00Z', '2026-06-17T00:10:00Z'),
  ('00000000-0000-0000-0008-000000000014', '00000000-0000-0000-0007-000000000004', '00000000-0000-0000-0005-000000000001', 1, 15, TRUE, '2026-01-15T00:10:00Z', '2026-01-15T00:10:00Z'),
  ('00000000-0000-0000-0008-000000000015', '00000000-0000-0000-0007-000000000004', '00000000-0000-0000-0005-000000000002', 2, 15, TRUE, '2026-01-15T00:10:00Z', '2026-01-15T00:10:00Z'),
  ('00000000-0000-0000-0008-000000000016', '00000000-0000-0000-0007-000000000004', '00000000-0000-0000-0005-000000000003', 3, 20, TRUE, '2026-01-15T00:10:00Z', '2026-01-15T00:10:00Z'),
  ('00000000-0000-0000-0008-000000000017', '00000000-0000-0000-0007-000000000004', '00000000-0000-0000-0005-000000000006', 4, 20, TRUE, '2026-01-15T00:10:00Z', '2026-01-15T00:10:00Z'),
  ('00000000-0000-0000-0008-000000000018', '00000000-0000-0000-0007-000000000004', '00000000-0000-0000-0005-000000000008', 5, 15, TRUE, '2026-01-15T00:10:00Z', '2026-01-15T00:10:00Z'),
  ('00000000-0000-0000-0008-000000000019', '00000000-0000-0000-0007-000000000004', '00000000-0000-0000-0005-000000000010', 6, 15, TRUE, '2026-01-15T00:10:00Z', '2026-01-15T00:10:00Z')
ON CONFLICT (id) DO NOTHING;

INSERT INTO workbook_assignments (id, workbook_id, cohort_id, assigned_by_teacher_id, status, opens_at, closes_at, max_attempts, created_at, updated_at)
VALUES
  ('00000000-0000-0000-0009-000000000001', '00000000-0000-0000-0007-000000000001', '00000000-0000-0000-0003-000000000001', '00000000-0000-0000-0002-000000000001', 'open', '2026-06-12T00:00:00Z', '2026-06-30T14:59:59Z', 1, '2026-06-12T00:00:00Z', '2026-06-12T00:00:00Z'),
  ('00000000-0000-0000-0009-000000000002', '00000000-0000-0000-0007-000000000002', '00000000-0000-0000-0003-000000000001', '00000000-0000-0000-0002-000000000001', 'open', '2026-06-16T02:00:00Z', '2026-07-03T14:59:59Z', 1, '2026-06-16T02:00:00Z', '2026-06-16T02:00:00Z'),
  ('00000000-0000-0000-0009-000000000003', '00000000-0000-0000-0007-000000000002', '00000000-0000-0000-0003-000000000002', '00000000-0000-0000-0002-000000000001', 'scheduled', '2026-09-03T00:00:00Z', '2026-09-17T14:59:59Z', 1, '2026-09-03T00:00:00Z', '2026-09-03T00:00:00Z'),
  ('00000000-0000-0000-0009-000000000004', '00000000-0000-0000-0007-000000000003', '00000000-0000-0000-0003-000000000002', '00000000-0000-0000-0002-000000000002', 'scheduled', '2026-09-05T00:00:00Z', '2026-09-20T14:59:59Z', 1, '2026-09-05T00:00:00Z', '2026-09-05T00:00:00Z'),
  ('00000000-0000-0000-0009-000000000005', '00000000-0000-0000-0007-000000000004', '00000000-0000-0000-0003-000000000003', '00000000-0000-0000-0002-000000000002', 'closed', '2026-02-20T00:00:00Z', '2026-02-21T14:59:59Z', 1, '2026-02-18T00:00:00Z', '2026-02-22T00:00:00Z')
ON CONFLICT (id) DO NOTHING;

INSERT INTO workbook_progresses (id, workbook_assignment_id, student_id, learning_status, current_question_index, answered_question_count, is_active, created_at, updated_at)
VALUES
  ('00000000-0000-0000-000d-000000000001', '00000000-0000-0000-0009-000000000001', '00000000-0000-0000-0004-000000000001', 'submitted', 5, 5, FALSE, '2026-06-18T00:10:00Z', '2026-06-18T00:38:00Z'),
  ('00000000-0000-0000-000d-000000000002', '00000000-0000-0000-0009-000000000001', '00000000-0000-0000-0004-000000000002', 'submitted', 5, 5, FALSE, '2026-06-18T01:00:00Z', '2026-06-18T01:26:00Z'),
  ('00000000-0000-0000-000d-000000000003', '00000000-0000-0000-0009-000000000001', '00000000-0000-0000-0004-000000000003', 'submitted', 5, 5, FALSE, '2026-06-17T23:20:00Z', '2026-06-17T23:50:00Z'),
  ('00000000-0000-0000-000d-000000000004', '00000000-0000-0000-0009-000000000005', '00000000-0000-0000-0004-000000000008', 'inProgress', 2, 2, TRUE, '2026-02-20T02:00:00Z', '2026-02-20T02:00:00Z')
ON CONFLICT (id) DO NOTHING;

INSERT INTO submissions (id, workbook_assignment_id, workbook_id, student_id, attempt_no, status, started_at, submitted_at, graded_at, total_points, earned_points, score, correct_count, wrong_count, total_questions, correct_rate, created_at, updated_at)
VALUES
  ('00000000-0000-0000-000a-000000000001', '00000000-0000-0000-0009-000000000001', '00000000-0000-0000-0007-000000000001', '00000000-0000-0000-0004-000000000001', 1, 'graded', '2026-06-18T00:10:00Z', '2026-06-18T00:38:00Z', '2026-06-18T00:38:00Z', 100, 80, 80, 4, 1, 5, 80, '2026-06-18T00:10:00Z', '2026-06-18T00:38:00Z'),
  ('00000000-0000-0000-000a-000000000002', '00000000-0000-0000-0009-000000000001', '00000000-0000-0000-0007-000000000001', '00000000-0000-0000-0004-000000000002', 1, 'graded', '2026-06-18T01:00:00Z', '2026-06-18T01:26:00Z', '2026-06-18T01:26:00Z', 100, 100, 100, 5, 0, 5, 100, '2026-06-18T01:00:00Z', '2026-06-18T01:26:00Z'),
  ('00000000-0000-0000-000a-000000000003', '00000000-0000-0000-0009-000000000001', '00000000-0000-0000-0007-000000000001', '00000000-0000-0000-0004-000000000003', 1, 'graded', '2026-06-17T23:20:00Z', '2026-06-17T23:50:00Z', '2026-06-17T23:50:00Z', 100, 60, 60, 3, 2, 5, 60, '2026-06-17T23:20:00Z', '2026-06-17T23:50:00Z'),
  ('00000000-0000-0000-000a-000000000004', '00000000-0000-0000-0009-000000000002', '00000000-0000-0000-0007-000000000002', '00000000-0000-0000-0004-000000000001', 1, 'graded', '2026-06-19T00:00:00Z', '2026-06-19T00:20:00Z', '2026-06-19T00:20:00Z', 100, 75, 75, 3, 1, 4, 75, '2026-06-19T00:00:00Z', '2026-06-19T00:20:00Z'),
  ('00000000-0000-0000-000a-000000000005', '00000000-0000-0000-0009-000000000002', '00000000-0000-0000-0007-000000000002', '00000000-0000-0000-0004-000000000002', 1, 'graded', '2026-06-19T01:00:00Z', '2026-06-19T01:18:00Z', '2026-06-19T01:18:00Z', 100, 100, 100, 4, 0, 4, 100, '2026-06-19T01:00:00Z', '2026-06-19T01:18:00Z'),
  ('00000000-0000-0000-000a-000000000006', '00000000-0000-0000-0009-000000000003', '00000000-0000-0000-0007-000000000002', '00000000-0000-0000-0004-000000000004', 1, 'graded', '2026-09-04T11:00:00Z', '2026-09-04T11:30:00Z', '2026-09-04T11:30:00Z', 100, 50, 50, 2, 2, 4, 50, '2026-09-04T11:00:00Z', '2026-09-04T11:30:00Z'),
  ('00000000-0000-0000-000a-000000000007', '00000000-0000-0000-0009-000000000004', '00000000-0000-0000-0007-000000000003', '00000000-0000-0000-0004-000000000005', 1, 'graded', '2026-09-06T02:00:00Z', '2026-09-06T02:35:00Z', '2026-09-06T02:35:00Z', 100, 75, 75, 3, 1, 4, 75, '2026-09-06T02:00:00Z', '2026-09-06T02:35:00Z'),
  ('00000000-0000-0000-000a-000000000008', '00000000-0000-0000-0009-000000000005', '00000000-0000-0000-0007-000000000004', '00000000-0000-0000-0004-000000000007', 1, 'graded', '2026-02-20T01:00:00Z', '2026-02-20T01:52:00Z', '2026-02-20T01:52:00Z', 100, 85, 85, 5, 1, 6, 83.33, '2026-02-20T01:00:00Z', '2026-02-20T01:52:00Z'),
  ('00000000-0000-0000-000a-000000000009', '00000000-0000-0000-0009-000000000005', '00000000-0000-0000-0007-000000000004', '00000000-0000-0000-0004-000000000008', 1, 'in_progress', '2026-02-20T02:00:00Z', NULL, NULL, 100, 0, 0, 0, 0, 6, 0, '2026-02-20T02:00:00Z', '2026-02-20T02:00:00Z')
ON CONFLICT (id) DO NOTHING;

INSERT INTO submission_answers (id, submission_id, workbook_question_id, question_id, selected_choice_id, correct_choice_id, is_correct, earned_points, graded_at, created_at, updated_at)
VALUES
  ('00000000-0000-0000-000b-000000000001', '00000000-0000-0000-000a-000000000001', '00000000-0000-0000-0008-000000000001', '00000000-0000-0000-0005-000000000001', '00000000-0000-0000-0006-000000000101', '00000000-0000-0000-0006-000000000101', TRUE, 20, '2026-06-18T00:38:00Z', '2026-06-18T00:38:00Z', '2026-06-18T00:38:00Z'),
  ('00000000-0000-0000-000b-000000000002', '00000000-0000-0000-000a-000000000001', '00000000-0000-0000-0008-000000000002', '00000000-0000-0000-0005-000000000002', '00000000-0000-0000-0006-000000000202', '00000000-0000-0000-0006-000000000202', TRUE, 20, '2026-06-18T00:38:00Z', '2026-06-18T00:38:00Z', '2026-06-18T00:38:00Z'),
  ('00000000-0000-0000-000b-000000000003', '00000000-0000-0000-000a-000000000001', '00000000-0000-0000-0008-000000000003', '00000000-0000-0000-0005-000000000003', '00000000-0000-0000-0006-000000000301', '00000000-0000-0000-0006-000000000302', FALSE, 0, '2026-06-18T00:38:00Z', '2026-06-18T00:38:00Z', '2026-06-18T00:38:00Z'),
  ('00000000-0000-0000-000b-000000000004', '00000000-0000-0000-000a-000000000001', '00000000-0000-0000-0008-000000000004', '00000000-0000-0000-0005-000000000004', '00000000-0000-0000-0006-000000000403', '00000000-0000-0000-0006-000000000403', TRUE, 20, '2026-06-18T00:38:00Z', '2026-06-18T00:38:00Z', '2026-06-18T00:38:00Z'),
  ('00000000-0000-0000-000b-000000000005', '00000000-0000-0000-000a-000000000001', '00000000-0000-0000-0008-000000000005', '00000000-0000-0000-0005-000000000010', '00000000-0000-0000-0006-000000001003', '00000000-0000-0000-0006-000000001003', TRUE, 20, '2026-06-18T00:38:00Z', '2026-06-18T00:38:00Z', '2026-06-18T00:38:00Z'),
  ('00000000-0000-0000-000b-000000000006', '00000000-0000-0000-000a-000000000002', '00000000-0000-0000-0008-000000000001', '00000000-0000-0000-0005-000000000001', '00000000-0000-0000-0006-000000000101', '00000000-0000-0000-0006-000000000101', TRUE, 20, '2026-06-18T01:26:00Z', '2026-06-18T01:26:00Z', '2026-06-18T01:26:00Z'),
  ('00000000-0000-0000-000b-000000000007', '00000000-0000-0000-000a-000000000002', '00000000-0000-0000-0008-000000000002', '00000000-0000-0000-0005-000000000002', '00000000-0000-0000-0006-000000000202', '00000000-0000-0000-0006-000000000202', TRUE, 20, '2026-06-18T01:26:00Z', '2026-06-18T01:26:00Z', '2026-06-18T01:26:00Z'),
  ('00000000-0000-0000-000b-000000000008', '00000000-0000-0000-000a-000000000002', '00000000-0000-0000-0008-000000000003', '00000000-0000-0000-0005-000000000003', '00000000-0000-0000-0006-000000000302', '00000000-0000-0000-0006-000000000302', TRUE, 20, '2026-06-18T01:26:00Z', '2026-06-18T01:26:00Z', '2026-06-18T01:26:00Z'),
  ('00000000-0000-0000-000b-000000000009', '00000000-0000-0000-000a-000000000002', '00000000-0000-0000-0008-000000000004', '00000000-0000-0000-0005-000000000004', '00000000-0000-0000-0006-000000000403', '00000000-0000-0000-0006-000000000403', TRUE, 20, '2026-06-18T01:26:00Z', '2026-06-18T01:26:00Z', '2026-06-18T01:26:00Z'),
  ('00000000-0000-0000-000b-000000000010', '00000000-0000-0000-000a-000000000002', '00000000-0000-0000-0008-000000000005', '00000000-0000-0000-0005-000000000010', '00000000-0000-0000-0006-000000001003', '00000000-0000-0000-0006-000000001003', TRUE, 20, '2026-06-18T01:26:00Z', '2026-06-18T01:26:00Z', '2026-06-18T01:26:00Z'),
  ('00000000-0000-0000-000b-000000000011', '00000000-0000-0000-000a-000000000004', '00000000-0000-0000-0008-000000000006', '00000000-0000-0000-0005-000000000003', '00000000-0000-0000-0006-000000000302', '00000000-0000-0000-0006-000000000302', TRUE, 25, '2026-06-19T00:20:00Z', '2026-06-19T00:20:00Z', '2026-06-19T00:20:00Z'),
  ('00000000-0000-0000-000b-000000000012', '00000000-0000-0000-000a-000000000004', '00000000-0000-0000-0008-000000000007', '00000000-0000-0000-0005-000000000005', '00000000-0000-0000-0006-000000000501', '00000000-0000-0000-0006-000000000501', TRUE, 25, '2026-06-19T00:20:00Z', '2026-06-19T00:20:00Z', '2026-06-19T00:20:00Z'),
  ('00000000-0000-0000-000b-000000000013', '00000000-0000-0000-000a-000000000004', '00000000-0000-0000-0008-000000000008', '00000000-0000-0000-0005-000000000007', '00000000-0000-0000-0006-000000000701', '00000000-0000-0000-0006-000000000702', FALSE, 0, '2026-06-19T00:20:00Z', '2026-06-19T00:20:00Z', '2026-06-19T00:20:00Z'),
  ('00000000-0000-0000-000b-000000000014', '00000000-0000-0000-000a-000000000004', '00000000-0000-0000-0008-000000000009', '00000000-0000-0000-0005-000000000008', '00000000-0000-0000-0006-000000000803', '00000000-0000-0000-0006-000000000803', TRUE, 25, '2026-06-19T00:20:00Z', '2026-06-19T00:20:00Z', '2026-06-19T00:20:00Z'),
  ('00000000-0000-0000-000b-000000000015', '00000000-0000-0000-000a-000000000008', '00000000-0000-0000-0008-000000000014', '00000000-0000-0000-0005-000000000001', '00000000-0000-0000-0006-000000000101', '00000000-0000-0000-0006-000000000101', TRUE, 15, '2026-02-20T01:52:00Z', '2026-02-20T01:52:00Z', '2026-02-20T01:52:00Z'),
  ('00000000-0000-0000-000b-000000000016', '00000000-0000-0000-000a-000000000008', '00000000-0000-0000-0008-000000000015', '00000000-0000-0000-0005-000000000002', '00000000-0000-0000-0006-000000000202', '00000000-0000-0000-0006-000000000202', TRUE, 15, '2026-02-20T01:52:00Z', '2026-02-20T01:52:00Z', '2026-02-20T01:52:00Z'),
  ('00000000-0000-0000-000b-000000000017', '00000000-0000-0000-000a-000000000008', '00000000-0000-0000-0008-000000000016', '00000000-0000-0000-0005-000000000003', '00000000-0000-0000-0006-000000000302', '00000000-0000-0000-0006-000000000302', TRUE, 20, '2026-02-20T01:52:00Z', '2026-02-20T01:52:00Z', '2026-02-20T01:52:00Z'),
  ('00000000-0000-0000-000b-000000000018', '00000000-0000-0000-000a-000000000008', '00000000-0000-0000-0008-000000000017', '00000000-0000-0000-0005-000000000006', '00000000-0000-0000-0006-000000000602', '00000000-0000-0000-0006-000000000602', TRUE, 20, '2026-02-20T01:52:00Z', '2026-02-20T01:52:00Z', '2026-02-20T01:52:00Z'),
  ('00000000-0000-0000-000b-000000000019', '00000000-0000-0000-000a-000000000008', '00000000-0000-0000-0008-000000000018', '00000000-0000-0000-0005-000000000008', '00000000-0000-0000-0006-000000000801', '00000000-0000-0000-0006-000000000803', FALSE, 0, '2026-02-20T01:52:00Z', '2026-02-20T01:52:00Z', '2026-02-20T01:52:00Z'),
  ('00000000-0000-0000-000b-000000000020', '00000000-0000-0000-000a-000000000008', '00000000-0000-0000-0008-000000000019', '00000000-0000-0000-0005-000000000010', '00000000-0000-0000-0006-000000001003', '00000000-0000-0000-0006-000000001003', TRUE, 15, '2026-02-20T01:52:00Z', '2026-02-20T01:52:00Z', '2026-02-20T01:52:00Z'),
  ('00000000-0000-0000-000b-000000000021', '00000000-0000-0000-000a-000000000003', '00000000-0000-0000-0008-000000000001', '00000000-0000-0000-0005-000000000001', '00000000-0000-0000-0006-000000000101', '00000000-0000-0000-0006-000000000101', TRUE, 20, '2026-06-17T23:50:00Z', '2026-06-17T23:50:00Z', '2026-06-17T23:50:00Z'),
  ('00000000-0000-0000-000b-000000000022', '00000000-0000-0000-000a-000000000003', '00000000-0000-0000-0008-000000000002', '00000000-0000-0000-0005-000000000002', '00000000-0000-0000-0006-000000000202', '00000000-0000-0000-0006-000000000202', TRUE, 20, '2026-06-17T23:50:00Z', '2026-06-17T23:50:00Z', '2026-06-17T23:50:00Z'),
  ('00000000-0000-0000-000b-000000000023', '00000000-0000-0000-000a-000000000003', '00000000-0000-0000-0008-000000000003', '00000000-0000-0000-0005-000000000003', '00000000-0000-0000-0006-000000000301', '00000000-0000-0000-0006-000000000302', FALSE, 0, '2026-06-17T23:50:00Z', '2026-06-17T23:50:00Z', '2026-06-17T23:50:00Z'),
  ('00000000-0000-0000-000b-000000000024', '00000000-0000-0000-000a-000000000003', '00000000-0000-0000-0008-000000000004', '00000000-0000-0000-0005-000000000004', '00000000-0000-0000-0006-000000000402', '00000000-0000-0000-0006-000000000403', FALSE, 0, '2026-06-17T23:50:00Z', '2026-06-17T23:50:00Z', '2026-06-17T23:50:00Z'),
  ('00000000-0000-0000-000b-000000000025', '00000000-0000-0000-000a-000000000003', '00000000-0000-0000-0008-000000000005', '00000000-0000-0000-0005-000000000010', '00000000-0000-0000-0006-000000001003', '00000000-0000-0000-0006-000000001003', TRUE, 20, '2026-06-17T23:50:00Z', '2026-06-17T23:50:00Z', '2026-06-17T23:50:00Z'),
  ('00000000-0000-0000-000b-000000000026', '00000000-0000-0000-000a-000000000005', '00000000-0000-0000-0008-000000000006', '00000000-0000-0000-0005-000000000003', '00000000-0000-0000-0006-000000000302', '00000000-0000-0000-0006-000000000302', TRUE, 25, '2026-06-19T01:18:00Z', '2026-06-19T01:18:00Z', '2026-06-19T01:18:00Z'),
  ('00000000-0000-0000-000b-000000000027', '00000000-0000-0000-000a-000000000005', '00000000-0000-0000-0008-000000000007', '00000000-0000-0000-0005-000000000005', '00000000-0000-0000-0006-000000000501', '00000000-0000-0000-0006-000000000501', TRUE, 25, '2026-06-19T01:18:00Z', '2026-06-19T01:18:00Z', '2026-06-19T01:18:00Z'),
  ('00000000-0000-0000-000b-000000000028', '00000000-0000-0000-000a-000000000005', '00000000-0000-0000-0008-000000000008', '00000000-0000-0000-0005-000000000007', '00000000-0000-0000-0006-000000000702', '00000000-0000-0000-0006-000000000702', TRUE, 25, '2026-06-19T01:18:00Z', '2026-06-19T01:18:00Z', '2026-06-19T01:18:00Z'),
  ('00000000-0000-0000-000b-000000000029', '00000000-0000-0000-000a-000000000005', '00000000-0000-0000-0008-000000000009', '00000000-0000-0000-0005-000000000008', '00000000-0000-0000-0006-000000000803', '00000000-0000-0000-0006-000000000803', TRUE, 25, '2026-06-19T01:18:00Z', '2026-06-19T01:18:00Z', '2026-06-19T01:18:00Z'),
  ('00000000-0000-0000-000b-000000000030', '00000000-0000-0000-000a-000000000006', '00000000-0000-0000-0008-000000000006', '00000000-0000-0000-0005-000000000003', '00000000-0000-0000-0006-000000000301', '00000000-0000-0000-0006-000000000302', FALSE, 0, '2026-09-04T11:30:00Z', '2026-09-04T11:30:00Z', '2026-09-04T11:30:00Z'),
  ('00000000-0000-0000-000b-000000000031', '00000000-0000-0000-000a-000000000006', '00000000-0000-0000-0008-000000000007', '00000000-0000-0000-0005-000000000005', '00000000-0000-0000-0006-000000000501', '00000000-0000-0000-0006-000000000501', TRUE, 25, '2026-09-04T11:30:00Z', '2026-09-04T11:30:00Z', '2026-09-04T11:30:00Z'),
  ('00000000-0000-0000-000b-000000000032', '00000000-0000-0000-000a-000000000006', '00000000-0000-0000-0008-000000000008', '00000000-0000-0000-0005-000000000007', '00000000-0000-0000-0006-000000000701', '00000000-0000-0000-0006-000000000702', FALSE, 0, '2026-09-04T11:30:00Z', '2026-09-04T11:30:00Z', '2026-09-04T11:30:00Z'),
  ('00000000-0000-0000-000b-000000000033', '00000000-0000-0000-000a-000000000006', '00000000-0000-0000-0008-000000000009', '00000000-0000-0000-0005-000000000008', '00000000-0000-0000-0006-000000000803', '00000000-0000-0000-0006-000000000803', TRUE, 25, '2026-09-04T11:30:00Z', '2026-09-04T11:30:00Z', '2026-09-04T11:30:00Z'),
  ('00000000-0000-0000-000b-000000000034', '00000000-0000-0000-000a-000000000007', '00000000-0000-0000-0008-000000000010', '00000000-0000-0000-0005-000000000006', '00000000-0000-0000-0006-000000000602', '00000000-0000-0000-0006-000000000602', TRUE, 25, '2026-09-06T02:35:00Z', '2026-09-06T02:35:00Z', '2026-09-06T02:35:00Z'),
  ('00000000-0000-0000-000b-000000000035', '00000000-0000-0000-000a-000000000007', '00000000-0000-0000-0008-000000000011', '00000000-0000-0000-0005-000000000008', '00000000-0000-0000-0006-000000000803', '00000000-0000-0000-0006-000000000803', TRUE, 25, '2026-09-06T02:35:00Z', '2026-09-06T02:35:00Z', '2026-09-06T02:35:00Z'),
  ('00000000-0000-0000-000b-000000000036', '00000000-0000-0000-000a-000000000007', '00000000-0000-0000-0008-000000000012', '00000000-0000-0000-0005-000000000009', '00000000-0000-0000-0006-000000000901', '00000000-0000-0000-0006-000000000903', FALSE, 0, '2026-09-06T02:35:00Z', '2026-09-06T02:35:00Z', '2026-09-06T02:35:00Z'),
  ('00000000-0000-0000-000b-000000000037', '00000000-0000-0000-000a-000000000007', '00000000-0000-0000-0008-000000000013', '00000000-0000-0000-0005-000000000010', '00000000-0000-0000-0006-000000001003', '00000000-0000-0000-0006-000000001003', TRUE, 25, '2026-09-06T02:35:00Z', '2026-09-06T02:35:00Z', '2026-09-06T02:35:00Z')
ON CONFLICT (id) DO NOTHING;

COMMIT;
